key,team_name
,Orlando City SC
,Cleveland SC
,The Villages
,Orlando FC Wolves
,Ocean City Nor'easters
,Lansdowne Bhoys
,Contra Costa
,Lynchburg
,Evergreen
,Varbergs GIF
,Landvetter IS
,Tölö
,Älvsjö AIK W
,Bromölla W
,Ullared
,Höganäs
,Balkan
,Asarum
,IFK Hässleholm
,Berga
,Torslanda
,Astrio
,Onsala
,Husqvarna
,Västra Frölunda
,Smedby
,Trosa-Vagnhärad SK
,Karlskrona
,Österlen
,Högsby
,Lidköping W
,Bergdalens W
,Jitex W
,Haninge
,Syrianska FC
,Täby
,Motala
,Team TG FF W
,Alingsås W
,Hittarp
,Sylvia
,Eslov
,Arameiska / Syrianska
,Nosaby
,Räppe
,Morön W
,Mallbacken W
,Gamla Upsala W
,Sundsvall W
,Mjondalen
,Tampa Bay Rowdies
,West Chester United
,Syracuse Pulse
,Miami FC
,Richmond Kickers
,Albion Pros
,San Diego Loyal
,Rochester Rhinos
,Sacramento Republic
,California Utd Strikers
,San Fernando Valley
,Umeå FC Akademi
,Älgarna
,Huddinge
,Värmbols
,Fortaleza EC
,Cuiaba
,Juventude
,Bergnäsets
,Ytterhogdal
,Linköping W
,Avai
,Atletico Goianiense
,Stjørdals-Blink
,Tucson
,KIF Örebro W
,Umeå W
,Leiknir R.
,FC Motown
,Chattanooga
,Kiruna FF
,IFK Östersund
,Lindome
,Boden
,Storfors
,Torns
,Ceara
,Skeid
,Goias
,Guelph United
,Mont-Royal Outremont
,IFK Malmö
,FC Edmonton
,IFK Luleå
,Örebro Syrianska
,Vänersborgs IF
,Skellefteå
,Stöde
,Friska Viljor
,Gottne
,Qviding FIF
,SV Sandhausen
,FC Winterthur
,Fortuna Dusseldorf
,Grorud
,AS Eupen
,Seraing United
,İstanbulspor
,Redcar Athletic
,Seaham Red Star
,Dereham Town
,Baffins Milton Rovers
,Bishop's Cleeve
,Wantage Town
,Stansted
,Hadley
,Thetford Town
,Soham Town Rangers
,Market Drayton Town
,Shifnal Town FC
,Ascot United
,Cribbs
,Walsham Le Willows
,St Neots Town
,AFC Wulfrunians
,Newcastle Town
,Bradford Town
,Hamworthy United
,Buckhurst Hill
,Walthamstow
,North Ferriby
,Northallerton Town
,Ashton & Backwell United
,Aylesbury United
,Shepshed Dynamo
,Winterton Rangers
,Whitton United
,Wellingborough Town
,Sheerwater
,Banstead Athletic
,Saltdean United
,Ashford Town (Middlesex)
,Uckfield Town
,Midhurst & Easebourne
,Rusthall
,Loxwood
,Tuffley Rovers
,Slimbridge
,Royal Wootton
,Windsor
,Thornbury Town
,Chipping Sodbury Town
,Romulus
,Sutton Coldfield Town
,Roman Glass St George
,Tring Athletic
,Thornaby
,Kendal Town
,Thackley
,Ramsbottom United
,Redbridge
,Takeley
,Tavistock
,Brixham
,Raynes Park Vale
,Erith & Belvedere
,Tadley Calleva
,Wincanton Town
,Racing Club Warwick
,Bewdley Town
,Sutton Athletic
,Welling Town
,Punjab United
,Balham
,Sunderland RCA
,Hebburn Town
,Street
,Helston Athletic
,Penrith AFC
,West Allotment Celtic
,Stotfold
,Newport Pagnell Town
,Peacehaven & Telscombe
,AFC Croydon Athletic
,Squires Gate
,Northwich Victoria
,Pagham
,Erith Town
,Southend Manor
,Cockfosters
,Southall
,Redhill
,Oxhey Jets
,Phoenix Sports
,Skelmersdale United
,Padiham
,Potton United
,Silsden
,Burscough
,North Shields
,Knaresborough Town
,Sherwood Colliery
,Long Eaton United
,Newcastle Benfield
,Crook Town AFC
,Pinchbeck United
,March Town United
,Sheringham
,Longlevens
,Aylesbury Vale Dynamos
,London Colney
,Witham Town
,Malvern Town
,Worcester City
,Maltby Main
,Quorn
,Lymington Town
,Portland United
,Leverstock Green
,Halstead Town
,Leighton Town
,Baldock Town
,Lydney Town
,Kidlington
,Leicester Nirvana
,Selston
,Lower Breck
,Penistone Church
,Loughborough University
,Newark Flowserve
,Lancing
,Roffey
,Kirkley & Pakefield
,Fakenham Town
,Irlam
,Avro
,Ilford
,Sawbridgeworth Town
,Horsham YMCA
,Beckenham Town
,Longridge Town
,West Didsbury & Chorlton
,Fisher
,Sutton Common Rovers
,Horley Town
,Sevenoaks Town
,Fareham Town
,Hythe & Dibden
,Heanor Town
,Studley
,Haverhill Rovers
,Mulbarton Wanderers
,Eynesbury Rovers
,Newmarket Town
,Hassocks
,Lingfield
,Enfield 1893
,Hullbridge Sports
,Harpenden Town
,New Salamis
,Eccleshill United
,Harefield United
,Lordswood
,Eastbourne Town
,Steyning Town
,Handsworth Parramore
,Sleaford Town
,Dunstable Town
,Great Wakering Rovers
,Hadleigh United
,Mildenhall Town
,Desborough Town
,Histon
,Guisborough Town
,Bishop Auckland
,Deal Town
,Egham Town
,Grimsby Borough
,Gorleston
,Biggleswade United
,Crowborough Athletic
,Crawley Down Gatwick
,Goole
,Consett
,Cowes Sports
,Hamble Club
,Highgate United
,Godmanchester Rovers
,Rothwell Corinthians
,Coventry Sphinx
,Bedworth United
,Glebe
,Holmesdale
,Garforth Town
,Pontefract Collieries
,Fleet Town
,Newport Isle of Wight FC
,Cobham
,Tooting & Mitcham United
,Clevedon Town
,Chalfont St Peter
,Flackwell Heath
,Keynsham Town
,Christchurch
,Blackfield & Langley
,Canterbury City
,Newhaven
,Cadbury Heath
,Mangotsfield United
,Bottesford Town
,Barton Town Old Boys
,Burnham
,Easington Sports
,Boldmere St. Michaels
,Walsall Wood
,Bugbrooke St Michaels
,Long Buckby
,Bitton
,Cinderford Town
,Buckland Athletic
,Exmouth
,Bexhill United
,North Greenford United
,Bearsted
,Spelthorne Sports
,Broadfields United
,Guildford City
,Barnoldswick Town
,Albion Sports
,Brimscombe & Thrupp
,Fairford Town
,Badshot Lea
,Brockenhurst
,Bridlington Town
,Whitley Bay
,Atherstone Town
,Gresley
,Ashington AFC
,Newton Aycliffe
,Ardley United
,Wokingham Town
,Brantham Athletic
,Basildon United
,Heybridge Swifts
,Clapton
,Anstey Nomads
,Alresford Town
,Laverstock & Ford
,Westfields
,Rugby Town
,Abbey Rangers
,Hanworth Villa
,Whitehawk
,K Sports
,Abbey Hey
,Congleton Town
,Barnstaple Town
,Mousehole
,Bideford
,Bridgwater Town
,Chipstead
,Tunbridge Wells
,Corby Town
,AFC Mansfield
,Didcot Town
,Shrivenham
,East Grinstead Town
,Hollands & Blair
,Glossop North End
,AFC Emley
,Highworth Town
,Larkhall Athletic
,Folland Sports
,Northwood
,South Park
,Romford
,Saffron Walden Town
,Stocksbridge Park Steels
,Golcar United
,Thatcham Town
,Horndean
,Faversham Town
,Colliers Wood United
,Waltham Abbey
,Woodford Town
,Hertford Town
,Colney Heath
,Westfield (Surrey)
,Eastbourne United
,Moneyfields
,Bemerton Heath Harleq.
,Ossett United
,New Mills
,Willand Rovers
,Wellington AFC
,Prescot Cables
,Ashton Athletic
,AFC Kempston Rovers
,Long Melford
,Spalding United
,Deeping Rangers
,Barton Rovers
,Arlesey Town
,Tadcaster Albion
,Tow Law Town
,Chichester City
,Frimley Green
,Three Bridges
,Whitstable Town
,Coggeshall Town
,Barking
,Trafford
,AFC Liverpool
,Wisbech Town
,Ely City
,Colne
,1874 Northwich
,Daventry Town
,Worcester Raiders
,Harborough Town
,Evesham United
,Leicester Road
,AFC Stoneham
,Bashley
,Emmen
,Whickham
,Frickley Athletic
,Giresunspor
,Adana Demirspor
,Fatih Karagümrük
,Pacos Ferreira
,Athletic Newham
,Sheppey United
,Kayserispor
,Sivasspor
,Nuova Cosenza
,Portimonense
,FC Cartagena
,Ponferradina
,Stockton Town
,Worksop Town
,Shildon AFC
,Clitheroe
,Prestwich Heys
,Shepton Mallet
,Maldon & Tiptree
,Huesca
,Ibiza
,Sittingbourne
,Jahn Regensburg
,Zaragoza
,Ankaragücü
,Ümraniyespor
,Perugia
,Ternana
,South Shields
,Workington
,VCD Athletic
,Ashford United
,North Leigh
,Mirandes
,Marine
,Radcliffe
,Hatayspor
,Lugo
,Boavista
,Grantham Town
,Bari
,Oostende
,Hansa Rostock
,Ebbsfleet United
,Dover
,Folkestone Invicta
,Buxton
,Alfreton Town
,Leamington
,Nuneaton Town
,Blyth Spartans
,Guiseley AFC
,Braintree
,Antalyaspor
,Bedford Town
,King's Lynn Town
,Swindon Supermarine
,Farnborough
,Weston-super-Mare
,Cittadella
,Reggina
,FC Volendam
,Spal
,Vitesse
,Vizela
,Chaves
,El Farolito
,Inter San Francisco
,Club De Lyon II
,Nona
,Hartford City
,Mjölby
,IFK Trelleborg
,Nässjö
,Häcken II W
,Bollstanäs W
,Notvikens IK
,Tord
,Nacka Iliria
,Uddevalla W
,Karlslund
,Simrishamn
,VMA
,Hartford Athletic
,Jacksonville Armada II
,Frösö
,Farsta
,HK Kopavogur
,FC Laval
,TSS Rovers
,Memphis 901
,Dalkurd FF
,Fylkir
,jerv
,Zenith
,Yxhult
,Nordvärmland
,Säffle SK
,Grebbestad
,IFK Skövde
,Stenungsund
,NAC Breda
,MVV
,Cosenza
,Oskarshamns AIK
,SV Wehen
,Stade Lausanne-Ouchy
,Ahlafors
,Almere City FC
,Vejle
,Yverdon Sport
,RWDM
,Melksham Town
,Bedfont Sports
,Shoreham
,Wythenshawe Town
,East Thurrock United
,Frenford
,United Services
,Charnock Richard
,Pilkington
,Widnes
,Torpoint Athletic
,Thame United
,Bristol Manor Farm
,Snodland Town
,Broadbridge Heath
,Brislington
,Shaftesbury Town
,Liskeard Athletic
,Lichfield City
,Bournemouth FC
,Kidsgrove Athletic
,Lye Town
,Stone Old Alleynians
,Paulton Rovers
,Haywards Heath Town
,Wendron United
,St Blazey
,Stockport Town
,Okehampton Argyle
,Pickering Town
,Lydd Town
,Camberley Town
,Harleston Town
,Sherborne Town
,Downham Town
,Aylestone Park
,Ashby Ivanhoe
,Knaphill
,Varndeanians
,Sporting Bengal United
,Stansfeld
,Belper United
,Stourport Swifts
,Millbrook
,White Ensign
,Burgess Hill Town
,Shefford Town & Campton
,Andover New Street
,Lutterworth Town
,Tividale
,Rugby Borough
,Nailsea & Tickenham
,Petersfield Town
,Uxbridge
,Virginia Water
,Risborough Rangers
,Wembley
,West Auckland Town
,Vauxhall Motors
,Eastwood Community
,Kimberley Miners Welfare
,West Essex
,Crawley Green
,Whitchurch Alport
,Cheadle Town
,Lakenheath
,Milton Keynes Irish
,Dudley Town
,Ilfracombe Town
,Epsom & Ewell FC
,Wells City
,AFC Portchester
,Farnham Town
,Heacham
,Carlton Town
,Boro Rangers
,Oadby Town
,Woodbridge Town
,Little Common
,St. Panteleimon
,Oldland Abbotonians
,Uttoxeter Town
,Bury AFC
,Sandhurst Town
,Rossington Main
,Hereford Lads Club
,Darlaston Town
,Kennington
,Falmouth Town
,Hereford Pegasus
,Hanley Town
,Hilltop
,Heaton Stannington
,Bootle
,Welton Rovers
,Skegness Town
,London Lions
,Chadderton
,Littlehampton Town
,Hallam
,Clacton
,Real Bedford
,Loughborough Dynamo
,Cleethorpes Town
,Edgware Town
,Birtley Town
,Little Oakley
,Hucknall Town
,Jersey Bulls
,Stanway Rovers
,Cogenhoe United
,Ipswich Wanderers
,Wythenshawe Amateurs
,Campion
,City of Liverpool
,Alcorcon
,Hartpury University
,Holyport
,Nantwich Town
,Metropolitan Police
,Binfield
,Coleshill Town
,Mossley
,Herne Bay
,Ramsgate
,Runcorn Linnets
,Stalybridge Celtic
,Brentwood Town
,Kings Langley
,Lowestoft Town
,Hythe Town
,Ware
,AFC Dunstable
,Grays Athletic
,Biggleswade Town
,Welwyn Garden City
,Brightlingsea Regent
,Corinthian-Casuals
,Leatherhead
,Hartley Wintney
,Wimborne Town
,Bowers & Pitsea
,Belper Town
,Leek Town
,Bury Town
,Brighouse Town
,Merstham
,Cray Valley PM
,Chasetown
,FC Romania
,Witton Albion
,AFC Rushden & Diamonds
,Cirencester Town
,Dunston UTS
,Stowmarket Town
,Liversedge
,Yate Town
,Felixstowe & Walton Utd
,Hednesford Town
,Frome Town
,Chertsey Town
,Wallingford & Crowmarsh
,Marlow
,Feralpisalo
,Gosport Borough
,Morpeth Town
,Bromsgrove Sporting
,Bamber Bridge
,Ashton United
,Alvechurch
,Basford United
,Marske United
,Winchester City
,Kettering Town
,Halesowen Town
,Lewes
,Hashtag United
,AFC Totton
,Sholing
,Matlock Town
,AFC Telford United
,Coalville Town
,Hitchin Town
,Billericay Town
,Hanwell Town
,Stratford Town
,Needham Market
,Stamford
,Stafford Rangers
,Bognor Regis Town
,Salisbury
,Atherton Collieries
,Royston Town
,Cheshunt
,Berkhamsted
,Redditch United
,Bradford (Park Avenue)
,Chatham Town
,Poole Town
,Mickleover Sports
,Ilkeston Town
,Merthyr Town
,Leiston
,St Ives Town
,Lancaster City
,Hendon
,Margate
,Basingstoke Town
,Hayes & Yeading United
,Hungerford Town
,Concord Rangers
,Enfield Town
,Potters Bar Town
,Dulwich Hamlet
,Haringey Borough
,Cray Wanderers
,United of Manchester
,Tiverton Town
,Walton & Hersham
,Chesham United
,Beaconsfield Town
,Rylands
,Barwell
,AFC Sudbury
,Stourbridge
,Plymouth Parkway
,Dorchester Town
,Hyde United
,Wingate & Finchley
,Canvey Island
,Harrow Borough
,Bracknell Town
,Horsham
,Kingstonian
,Hastings United
,Macclesfield
,Racing Ferrol
,Taunton Town
,Darlington 1883
,Chester
,Lecco
,Eastbourne Borough
,Farsley Celtic FC
,Scarborough Athletic
,Aveley
,Maidstone Utd
,Hampton & Richmond
,Gloucester City
,Chippenham Town
,Torquay
,Warrington Town
,Bishop's Stortford
,Chelmsford City
,Chorley
,Rushall Olympic
,Hemel Hempstead Town
,Peterborough Sports
,Southport
,Havant & Wville
,St Albans City
,Slough Town
,Bath City
,Weymouth
,Spennymoor Town
,Banbury United
,Hereford
,Dartford
,Welling United
,Truro City
,Tonbridge Angels
,Brackley Town
,Pendikspor
,Amorebieta
,Spezia
,Hvidovre
,Kvarnsveden
,Sandvikens AIK
,Viggbyholms IK
,IFK Österåker
,Kungsängen
,Franke
,Reggiana
,Christos
,Savannah Clovers
,Forward Madison
,Duluth
,Vermont Green
,Lexington
,Maryland Bobcats
,Tormenta
,America CFL Spurs
,Tulsa Athletics
,Northern Colorado
,Austin II
,Foro
,One Knoxville
,SC United Bantams
,Greenville Triumph
,Frenzi
,Club De Lyon
,Apotheos
,Georgia Lions
,New York RB II
,Hudson Valley Hammers
,Chicago City
,Chicago House
,Minnesota United II
,LA Force
,Redlands
,Steel City
,Michigan Stars
,Carolina Core
,Western Mass Pioneers
,Union Omaha
,Chattanooga Red Wolves
,Brockton
,Vereinigung Erzgebirge
,Charlotte Independence
,Crown Legacy
,SC United Heat
,Azteca
,Ventura County
,Irvine Zeta II
,Karlshamn
,Kumla
,Öckerö
,Bergdalens
,Kongahälla
,Lödde
,Falu BS
,Jonsered
,Ljungsbro
,Lucksta
,Täfteå
,Lubbock Matadors
,Central Valley Fuego
,Spokane Velocity
,Örebro SK W
,PKKU
,Sunnanå W
,Detroit City
,Rhode Island
,Louisville City
,Oakland Roots
,Loudoun United
,North Carolina
,Criciuma
,Indy Eleven
,Birmingham Legion
,FC Tulsa
,Vaajakoski
,FC jazz
,Simcoe County Rovers
,Vestri
,Saint-Laurent
,Pittsburgh Riverhounds
,Orange County SC
,Phoenix Rising
,San Antonio
,Charleston Battery
,Colorado Springs
,New Mexico United
,Las Vegas Lights
,OLS
,KuPS Akatemia
,Roda
,Dordrecht
,Rops
,EPS
,VIFK
,Atlantis
,Aalborg
,Beerschot VA
,SSV Jahn Regensburg
,Downton
,Malmesbury Victoria
,Newcastle Blue Star
,Sileby Rangers
,Amersham Town
,Cornard United
,SSV Ulm 1846
,Preußen Münster
,Fortuna Düsseldorf
,Bodrum FK
,Levanger
,Brocton
,Hamworthy Recreation
,Kallithea
,South Liverpool
,Rayners Lane
,Tilbury
,Larkfield & New Hythe
,Westbury United
,Great Yarmouth Town
,Dorking Wanderers
,Lamia
,Maidenhead
,Bonnyrigg Rose Athletic
,Salernitana
,Dagenham & Redbridge
,Panserraikos
,New Jersey Alliance
,Naples United
,Sarasota Paradise
,Westchester SC
,Texoma
,Alta
,Ventura County Fusion
,NY Renegades
,Appalachian
,Virginia Dream
,Southern Indiana
,Sporting KC II
,Des Moines Menace
,Real Monarchs
,Monterey Bay
,Portland Hearts of Pine
,Faialense
,Harbor City
,Long Island Rough Riders
,Soda City
,NY Pancyprian Freedoms
,Tacoma Defiance
,Washington AC
,Flatirons Rush
,Växjö Norra
,Böljan
,Eker Örebro
,Linero
,Sölvesborg
,Korsnäs
,Sunnersta
,Hestrafor
,Åstorp
,Syrianska Eskilstuna
,Bollstanäs
,Los Angeles FC II
,Little Rock Rangers
,Haga
,Inter Turku II
,Kubikenborg
,Sport Recife
,Tampere United
,Tidaholms GoIF
,Scrosoppi
,Den Bosch
,De Graafschap
,FC Saarbrücken
,FC Aarau
,Skara
,FC Fredericia
,Wormley Rovers
,Guernsey
,Seaford Town
,Coton Green
,Saltash United
,Hallen
,East Cowes Victoria
,St Helens
,Northampton ON Chenecks
,Easington Colliery
,New Milton Town
,Newark Town
,Abbey Hulton
,Hinckley AFC
,Hackney Wick
,Larisa
,Wombwell Town
,Boston Town
,Bourne Town
,Newmarket
,Atherton Laburnum Rovers
,Tower Hamlets
,Croydon Athletic
,Cultural Leonesa
,Hjulsbro
,Fittja
,Akersberga
,Staffanstorp United
,Morecambe
,Patro Eisden
,Liège
,Rot-Weiß Essen
,New York Red Bulls
,Lansdowne Yonkers
,Lansdowne Yonkers
,Lansdowne Yonkers
,Lansdowne Yonkers
,Akropolis
,Angered BK
,Sifhälla
,Forsbacka
,Nimes
,Niort
,Bordeaux
,Litherland Remyca
,Warminster Town
,Winsford United
,Yaxley
,Yorkshire Amateur
,Corsham Town
,Alfold
,Hoddesdon Town
,Wolverhampton Casuals
,Heather St Johns
,Harlow Town
,Ionikos
,Beaman United
,Brazos Valley
,Folsom
,Irvine Zeta
,MesoAmerica
,Ballard
,Arizona Monsoon
,Shirebrook Town
,Benfleet
,Ivybridge Town
,Blyth Town
,OJM Black Country
,Portishead Town
,British Airways
,Sporting Club Inkberrow
,St Austell
,Pershore Town
,Milton United
,AFC Whyteleafe
,Parkgate
,Winslow United
,Harrowby United
,Berks County
,Beverley Town
,Martigues
,New York Shockers
,Laguna United
,Harpos
,FC Arizona
,Edmonton Scottish
,Abingdon United
,Euxton Villa
,Blackstones
,Clay Cross
,Moulton
,Sidmouth Town
,Horden CW
,Windsor & Eton
,Eversley & Cal
,Faversham SF
,Newquay
,Welwyn
,Droitwich Spa
,Forest Row
,Harwich & Parkeston
,IFK Umeå
