external_id,team_name
1595,Seattle Sounders
1596,San Jose Earthquakes
1597,FC Dallas
1598,Orlando City SC
1599,Philadelphia Union
1600,Houston Dynamo
1601,Toronto FC
1602,New York Red Bulls
1603,Vancouver Whitecaps
1604,New York City FC
1605,Los Angeles Galaxy
1606,Real Salt Lake
1607,Chicago Fire
1608,Atlanta United FC
1609,New England Revolution
1610,Colorado Rapids
1611,Sporting Kansas City
1612,Minnesota United FC
1613,Columbus Crew
1614,CF Montreal
1615,DC United
1616,Los Angeles FC
1617,Portland Timbers
2242,FC Cincinnati
9568,Inter Miami
9569,Nashville SC
16489,Austin
18310,Charlotte
1168,Turku PS
2075,FF Jaro
2076,Kooteepee
2078,EIF
2082,Gnistan
9173,JäPS
9175,MP
9178,PEPO
9198,SJK Akatemia
10199,KPV-j
10668,PIF
10669,PK-35
2437,FC Edmonton
2619,Cavalry FC
2621,HFX Wanderers FC
2622,Pacific FC
2623,York United
3830,Forge
3831,Valour
10169,Atlético Ottawa
18766,Guelph United
18767,Mont-Royal Outremont
551,FC Basel 1893
565,BSC Young Boys
606,FC Lugano
630,FC Sion
644,FC Luzern
783,FC Zurich
1011,FC ST. Gallen
1013,Grasshoppers
2180,FC Winterthur
2184,Servette FC
4269,Stade Lausanne-Ouchy
584,Dundalk
652,Shamrock Rovers
670,Derry City
3840,Bohemians
3841,Finn Harps
3842,Sligo Rovers
3843,St Patrick's Athl.
3844,UCD
3845,Waterford
3850,Drogheda United
3854,Shelbourne
2167,Syrianska FC
2169,Assyriska FF
6662,Enskede
6682,Karlberg
6685,Lidingö
6691,Nyköping
6714,Värmbols
11668,Arameiska / Syrianska
11670,Sleipner
12596,Huddinge
12597,IFK Eskilstuna
12599,Trosa-Vagnhärad SK
12650,Smedby
16601,United Nordic
6656,Assyriska BK
6657,Astrio
6663,Eskilsminne
6673,Hittarp
6675,Husqvarna
6677,Höganäs
12576,Sävedalen
12606,Onsala
12607,Ullared
12608,Varbergs GIF
12609,Västra Frölunda
12620,Torslanda
18424,Landvetter IS
18425,Tölö
587,Mariehamn
649,HJK Helsinki
650,VPS
689,SJK
1163,Ilves
1164,Inter Turku
1165,KuPS
1166,Lahti
1169,Honka
1172,HIFK Helsinki
2077,AC Oulu
2080,Haka
268,IBV Vestmannaeyjar
269,Keflavik
270,FH hafnarfjordur
271,KR Reykjavik
272,KA Akureyri
274,Valur Reykjavik
275,Stjarnan
276,Breidablik
278,Vikingur Reykjavik
827,IA Akranes
2114,Leiknir R.
2117,Fram Reykjavik
119,Internacional
120,Botafogo
121,Palmeiras
124,Fluminense
125,America Mineiro
126,Sao Paulo
127,Flamengo
128,Santos
129,Ceara
131,Corinthians
134,Atletico Paranaense
144,Atletico Goianiense
145,Avai
147,Coritiba
151,Goias
152,Juventude
154,Fortaleza EC
794,RB Bragantino
1062,Atletico-MG
1193,Cuiaba
319,Brann
322,Ranheim
323,Stabaek
334,Start
758,Sogndal
2142,Bryne
2143,KFUM Oslo
2144,Kongsvinger
2146,Sandnes ULF
2148,Asane
2149,Fredrikstad
2152,Mjondalen
2153,Raufoss
2155,Arendal
2239,Skeid
6993,Grorud
7033,Stjørdals-Blink
320,Kristiansund BK
321,Lillestrom
324,Stromsgodset
325,Tromso
326,Valerenga
327,Bodo/Glimt
328,Haugesund
329,Molde
330,ODD Ballklubb
331,Rosenborg
332,Sandefjord
333,Sarpsborg 08 FF
757,Aalesund
759,Viking
2151,jerv
2159,Ham-Kam
3989,Birmingham Legion
3990,Charleston Battery
3991,Charlotte Independence
3992,Colorado Springs
3993,El Paso Locomotive
3995,Hartford Athletic
3996,Indy Eleven
3998,Las Vegas Lights
4000,Louisville City
4001,Memphis 901
4003,New Mexico United
4005,North Carolina
4007,Orange County SC
4009,Phoenix Rising
4010,Pittsburgh Riverhounds
4014,Rio Grande Valley
4015,Sacramento Republic
4017,San Antonio
4021,Tampa Bay Rowdies
4022,FC Tulsa
4024,Richmond Kickers
4027,Rochester Rhinos
4040,Chicago Fire II
4047,Des Moines Menace
4049,Evergreen
4066,North Carolina Fusion
4068,Ocean City Nor'easters
4071,Park City Red Wolves
4074,Portland Timbers III
4087,The Villages
4100,Western Mass Pioneers
4108,Tormenta
4109,Tucson
9016,Chattanooga Red Wolves
9022,FC Motown
9025,Forward Madison
9026,Greenville Triumph
9030,Miami FC
9037,West Chester United
9039,Azteca
9043,Detroit City
9055,Lansdowne Bhoys
9057,Miami United
9067,Albion Pros
9073,Chattanooga
9092,Tulsa Athletics
9991,San Diego Loyal
10063,Cleveland SC
10066,Denton Diablos
10069,Minneapolis City
10283,Union Omaha
10871,California Utd Strikers
10872,LA Force
10873,Michigan Stars
10874,Oakland Roots
13206,Georgia Revolution
16501,Maryland Bobcats
17026,Contra Costa
18357,Central Valley Fuego
18358,Northern Colorado
18375,Monterey Bay
18452,Brockton
18453,City Soccer
18454,D'Feeters Kicks
18455,Escondido
18456,Hartford City
18457,Las Vegas Legends FC
18458,Lynchburg
18459,Orlando FC Wolves
18460,Oyster Bay United
18461,San Fernando Valley
18462,South Carolina United
18463,Southern States
18469,Bay Cities
18470,Flower City Union
18471,Syracuse Pulse
18472,Valley United
18740,St. Louis City II
397,FC Midtjylland
398,FC Nordsjaelland
400,FC Copenhagen
401,Randers FC
402,Aalborg
404,AC Horsens
405,Odense
406,Aarhus
407,Brondby
625,Lyngby
2070,Viborg
2073,Silkeborg
33,Manchester United
34,Newcastle
35,Bournemouth
36,Fulham
39,Wolves
40,Liverpool
41,Southampton
42,Arsenal
45,Everton
46,Leicester
47,Tottenham
48,West Ham
49,Chelsea
50,Manchester City
51,Brighton
52,Crystal Palace
55,Brentford
63,Leeds
65,Nottingham Forest
66,Aston Villa
37,Huddersfield
38,Watford
43,Cardiff
44,Burnley
53,Reading
54,Birmingham
56,Bristol City
58,Millwall
59,Preston
60,West Brom
61,Wigan
62,Sheffield Utd
64,Hull City
67,Blackburn
70,Middlesbrough
71,Norwich
72,QPR
73,Rotherham
75,Stoke City
76,Swansea
746,Sunderland
1346,Coventry
1356,Blackpool
1359,Luton
57,Ipswich
68,Bolton
69,Derby
74,Sheffield Wednesday
747,Barnsley
748,Burton Albion
1334,Bristol Rovers
1335,Charlton
1336,Fleetwood Town
1338,Oxford United
1348,Milton Keynes Dons
1350,Peterborough
1351,Port Vale
1352,Shrewsbury
1355,Portsmouth
1357,Plymouth
1358,Wycombe
1360,Accrington ST
1364,Exeter City
1370,Cambridge United
1372,Cheltenham
1375,Morecambe
1378,Forest Green
1379,Lincoln
1333,AFC Wimbledon
1337,Northampton
1339,Rochdale
1342,Walsall
1343,Bradford
1347,Gillingham
1353,Swindon Town
1354,Doncaster
1361,Colchester
1362,Crawley Town
1363,Crewe
1365,Grimsby
1366,Hartlepool
1367,Newport County
1368,Stevenage
1371,Carlisle
1373,Leyton Orient
1374,Mansfield Town
1381,Tranmere
1819,Barrow
1835,Sutton Utd
1842,Harrogate Town
1844,Salford City
4686,Stockport County
1340,Scunthorpe
1341,Southend
1345,Chesterfield
1349,Oldham
1369,Barnet
1376,Notts County
1377,Yeovil Town
1818,Aldershot Town
1821,Dagenham & Redbridge
1822,Eastleigh
1823,Gateshead
1825,Maidstone Utd
1827,Torquay
1828,York
1830,Boreham Wood
1832,Bromley
1834,Solihull Moors
1836,Woking
1837,Wrexham
1838,Maidenhead
1841,FC Halifax Town
4700,Altrincham
8659,Dorking Wanderers
8663,Wealdstone
247,Celtic
249,Hibernian
250,Kilmarnock
251,ST Mirren
252,Aberdeen
254,Heart Of Midlothian
255,Livingston
256,Motherwell
257,Rangers
258,ST Johnstone
901,Partick
902,Ross County
1386,Dundee Utd
1387,Ayr Utd
6778,Queen's Park
248,Hamilton Academical
253,Dundee
903,Inverness CT
1383,Morton
1385,Raith Rovers
1389,Falkirk
1391,Alloa Athletic
4249,Arbroath
4668,Airdrie United
6763,Cove Rangers
1382,Dumbarton
1384,Queen of the South
1388,Dunfermline
4251,Montrose
6757,Annan Athletic
6762,Clyde
6764,East Fife
6766,Edinburgh City
6773,Kelty Hearts
6777,Peterhead
4250,Forfar Athletic
4669,Stirling Albion
6756,Albion Rovers
6767,Elgin City
6781,Spartans
6784,Stenhousemuir
6785,Stranraer
7431,Bonnyrigg Rose Athletic
157,Bayern München
159,Hertha BSC
160,SC Freiburg
161,VfL Wolfsburg
162,Werder Bremen
163,Borussia Mönchengladbach
164,FSV Mainz 05
165,Borussia Dortmund
167,1899 Hoffenheim
168,Bayer Leverkusen
169,Eintracht Frankfurt
170,FC Augsburg
172,VfB Stuttgart
173,RB Leipzig
174,FC Schalke 04
175,Hamburger SV
176,VfL Bochum
182,Union Berlin
192,1. FC Köln
158,Fortuna Düsseldorf
166,Hannover 96
171,1. FC Nürnberg
177,SSV Jahn Regensburg
178,SpVgg Greuther Fürth
179,1. FC Magdeburg
180,1. FC Heidenheim
181,SV Darmstadt 98
185,SC Paderborn 07
186,FC St. Pauli
188,Arminia Bielefeld
189,SV Sandhausen
191,Holstein Kiel
744,Eintracht Braunschweig
745,1. FC Kaiserslautern
785,Karlsruher SC
1319,SV Wehen
1321,Hansa Rostock
487,Lazio
488,Sassuolo
489,AC Milan
492,Napoli
494,Udinese
496,Juventus
497,AS Roma
498,Sampdoria
499,Atalanta
500,Bologna
502,Fiorentina
503,Torino
504,Hellas Verona
505,Inter
511,Empoli
514,Salernitana
515,Spezia
520,Cremonese
867,Lecce
1579,Monza
490,Cagliari
493,Spal
495,Genoa
506,Benevento
507,Ascoli
508,Bari
510,Cittadella
512,Frosinone
516,Ternana
517,Venezia
518,Brescia
522,Palermo
523,Parma
524,Perugia
801,Pisa
895,Como
899,Modena
1578,Sudtirol
1692,Reggina
10137,Cosenza
529,Barcelona
530,Atletico Madrid
531,Athletic Club
532,Valencia
533,Villarreal
536,Sevilla
538,Celta Vigo
540,Espanyol
541,Real Madrid
543,Real Betis
546,Getafe
547,Girona
548,Real Sociedad
720,Valladolid
723,Almeria
724,Cadiz
727,Osasuna
728,Rayo Vallecano
797,Elche
798,Mallorca
534,Las Palmas
535,Malaga
537,Leganes
539,Levante
542,Alaves
545,Eibar
715,Granada CF
716,Lugo
718,Oviedo
719,Tenerife
722,Albacete
726,Huesca
731,Sporting Gijon
732,Zaragoza
799,Mirandes
4665,Racing Santander
4907,Ponferradina
5262,FC Cartagena
8157,FC Andorra
9390,Ibiza
9580,Burgos
9595,Villarreal II
77,Angers
79,Lille
80,Lyon
81,Marseille
82,Montpellier
83,Nantes
84,Nice
85,Paris Saint Germain
91,Monaco
93,Reims
94,Rennes
95,Strasbourg
96,Toulouse
97,Lorient
98,Ajaccio
99,Clermont Foot
106,Stade Brestois 29
108,Auxerre
110,Estac Troyes
116,Lens
78,Bordeaux
87,Amiens
88,Caen
89,Dijon
90,Guingamp
92,Nimes
101,Grenoble
105,Valenciennes
111,Le Havre
112,Metz
113,Niort
114,Paris FC
115,Sochaux
431,Quevilly
433,Laval
1063,Saint Etienne
1297,PAU
1301,Rodez
1305,Bastia
3012,Annecy
194,Ajax
195,Willem II
196,Excelsior
197,PSV Eindhoven
200,Vitesse
201,AZ Alkmaar
202,Groningen
203,NAC Breda
204,VVV Venlo
205,Fortuna Sittard
207,Utrecht
208,Emmen
209,Feyenoord
210,Heerenveen
410,GO Ahead Eagles
412,MVV
413,NEC Nijmegen
415,Twente
416,FC Volendam
417,Waalwijk
419,Almere City FC
420,Cambuur
422,FC Eindhoven
426,Sparta Rotterdam
260,OH Leuven
261,KVC Westerlo
266,KV Mechelen
554,Anderlecht
569,Club Brugge KV
600,Zulte Waregem
624,Oostende
631,Gent
733,Standard Liege
734,Kortrijk
735,St. Truiden
736,Charleroi
739,AS Eupen
740,Antwerp
741,Cercle Brugge
742,Genk
1393,Union St. Gilloise
10244,Seraing United
211,Benfica
212,FC Porto
214,Maritimo
216,Portimonense
217,SC Braga
222,Boavista
223,Chaves
224,Vitória SC
226,Rio Ave
227,Santa Clara
228,Sporting CP
230,Estoril
234,Pacos Ferreira
240,Arouca
242,Famalicao
762,GIL Vicente
810,Vizela
4716,Casa Pia
15130,Estrela
549,Beşiktaş
564,Başakşehir
607,Konyaspor
611,Fenerbahçe
645,Galatasaray
996,Alanyaspor
998,Trabzonspor
1001,Kayserispor
1002,Sivasspor
1004,Kasımpaşa
1005,Antalyaspor
1010,Ankaragücü
3563,Adana Demirspor
3573,Gaziantep FK
3574,Giresunspor
3575,Hatayspor
3577,Ümraniyespor
3578,İstanbulspor
3589,Fatih Karagümrük
553,Olympiakos Piraeus
575,AEK Athens FC
617,Panathinaikos
619,PAOK
949,Panetolikos
950,PAS Giannina
955,Asteras Tripolis
956,Lamia
957,Levadiakos
1123,Aris Thessalonikis
1124,OFI
2110,Volos NFC
7513,Ionikos
12260,Atromitos
363,Hammarby FF
364,Djurgardens IF
366,IFK Goteborg
367,BK Hacken
370,Sirius
372,IF Elfsborg
373,GIF Sundsvall
374,Kalmar FF
375,Malmo FF
377,AIK Stockholm
378,IFK Norrkoping
811,Helsingborg
2163,IFK Varnamo
2171,Varbergs BoIS FC
2172,Degerfors IF
2174,Osters IF
2240,Mjallby AIF
365,Orebro SK
368,Dalkurd FF
369,Trelleborg
371,IF Brommapojkarna
376,Ostersunds FK
764,Jonkopings Sodra
765,AFC Eskilstuna
766,Halmstad
812,Falkenbergs FF
2166,Orgryte IS
2173,Norrby IF
2175,IK brage
2176,Landskrona BoIS
2241,Vasteras SK FK
6697,Sandviken
6698,Skövde AIK
6706,Utsikten
813,Gefle IF
6672,Haninge
6699,Sollentuna
6705,Umeå FC
6708,Vasalund
11659,IF Karlstad
11661,Sylvia
11662,Umea FF
11663,Täby
11664,Örebro Syrianska
11666,Forward
11671,Piteå
11673,Motala
12585,Stockholm Internazionale
16596,Hammarby Talang
2162,Atvidabergs FF
2165,Ljungskile SK
2168,Angelholms FF
2170,Gais
6686,Lindome
6687,Lund
6692,Oskarshamns AIK
6693,Qviding FIF
6701,Torns
6702,Trollhättan
6703,Tvååker
6713,Vänersborgs IF
11674,Oddevold
12601,Olympic
12604,IFK Malmö
6655,Akropolis
6671,Gute
6674,Hudiksvall
6700,Stocksund
12581,IFK Österåker
12582,Kungsängen
12583,Kvarnsveden
12584,Skiljebo
16598,Järfälla
16599,Sandvikens AIK
16745,Rågsved
18426,Forsbacka
18427,Korsnäs
18784,Uppsala
6676,Hässleholms IF
6683,Karlskrona
6694,Rosengård
10598,Ariana
11675,Kristianstad
12602,Eslov
12611,Asarum
12612,Berga
12614,IFK Hässleholm
12616,Nosaby
12617,Räppe
12619,Österlen
17119,Balkan
19044,Högsby
6667,Gauthiod
6670,Grebbestad
11660,Karlslund
12570,Ahlafors
12573,Lidköping
12574,Nordvärmland
12575,Stenungsund
12577,Vänersborgs FK
12598,Kumla
14108,Angered BK
16600,Mjölby
16606,Yxhult
18422,Herrestads
18423,Sifhälla
6669,Gottne
6679,IFK Luleå
6681,IFK Östersund
11665,Boden
11669,Skellefteå
12586,Friska Viljor
12590,Sandviks
12591,Stöde
12593,Umeå FC Akademi
12594,Ytterhogdal
16602,Bergnäsets
16604,Storfors
18420,Kiruna FF
18421,Älgarna
10900,Piteå W
11075,Rosengård W
11076,Djurgården W
11077,Eskilstuna United W
11078,KIF Örebro W
11079,Kristianstad W
11080,Linköping W
11081,Umeå W
11083,Vittsjö W
15629,AIK W
15630,Hammarby W
16004,Brommapojkarna W
16006,Kalmar W
16483,Häcken W
11082,Uppsala W
11084,Växjö W
16001,Alingsås W
16005,Jitex W
16007,Mallbacken W
16008,Norrköping W
16009,Sundsvall W
16010,Älvsjö AIK W
16011,Lidköping W
16012,Morön W
16029,Bromölla W
16032,Gamla Upsala W
17638,Team TG FF W
18381,Bergdalens W
1380,Macclesfield
1820,Chester
1824,Guiseley AFC
1826,Southport
1829,Dover
1831,Braintree
1839,AFC Fylde
1840,Ebbsfleet United
1843,Havant & Wville
4677,Alfreton Town
4678,Billericay Town
4679,Chorley
4680,Hampton & Richmond
4681,Haringey Borough
4682,Hitchin Town
4683,Metropolitan Police
4684,Oxford City
4685,Slough Town
4687,Weston-super-Mare
4688,AFC Telford United
4689,Chelmsford City
4690,Dartford
4691,Gainsborough Trinity
4692,Hereford
4693,Heybridge Swifts
4694,Hyde United
4695,Kidderminster Harriers
4696,Leatherhead
4697,Nantwich Town
4699,Truro City
4701,Brackley Town
4702,Chesham United
4703,Curzon Ashton
4704,Eastbourne Borough
4705,Harrow Borough
4706,Merstham
4707,Spennymoor Town
4708,St Albans City
4709,Stamford
4710,Stourbridge
4711,Taunton Town
4712,Westfields
4713,Whitehawk
7205,AFC Sudbury
7206,Ashford United
7207,Aveley
7208,Aylesbury United
7209,Barking
7210,Barnstaple Town
7211,Basildon United
7212,Bedfont Sports
7213,Bedworth United
7214,Berkhamsted
7215,Bideford
7216,Brentwood Town
7217,Burgess Hill Town
7218,Cambridge City
7219,Chipstead
7220,Cinderford Town
7221,Corby Town
7222,Didcot Town
7224,East Grinstead Town
7225,FC Romania
7226,Frome Town
7227,Glossop North End
7228,Grays Athletic
7229,Great Wakering Rovers
7231,Hastings United
7232,Herne Bay
7233,Highworth Town
7234,Histon
7235,Hythe Town
7236,Ilkeston Town
7237,Kendal Town
7238,Larkhall Athletic
7239,Leek Town
7240,Market Drayton Town
7241,Melksham Town
7242,Newcastle Town
7243,Northwood
7244,Paulton Rovers
7245,Phoenix Sports
7246,Pickering Town
7247,Pontefract Collieries
7248,Romford
7249,Sevenoaks Town
7250,Sittingbourne
7251,South Park
7252,Stocksbridge Park Steels
7253,Sutton Coldfield Town
7254,Thatcham Town
7255,Tilbury
7256,Tooting & Mitcham United
7257,Uxbridge
7258,VCD Athletic
7259,Waltham Abbey
7260,Wantage Town
7261,Westfield (Surrey)
7263,Willand Rovers
7264,Witham Town
7265,Workington
7266,Worksop Town
7267,Yaxley
7610,AFC Dunstable
7611,AFC Kempston Rovers
7612,AFC Totton
7613,Ashford Town (Middlesex)
7614,Barton Rovers
7615,Basingstoke Town
7616,Bedford Town
7617,Belper Town
7618,Biggleswade
7619,Bracknell Town
7620,Brighouse Town
7621,Bristol Manor Farm
7622,Bury Town
7623,Canvey Island
7624,Carlton Town
7625,Chalfont St Peter
7626,Chasetown
7627,Chertsey Town
7628,Chichester City
7629,Cirencester Town
7630,City of Liverpool
7631,Cleethorpes Town
7632,Clitheroe
7633,Coggeshall Town
7634,Coleshill Town
7635,Colne
7636,Cray Valley PM
7637,Daventry Town
7638,Dereham Town
7639,Dunston UTS
7640,Evesham United
7641,Faversham Town
7642,Felixstowe & Walton Utd
7643,Frickley Athletic
7644,Halesowen Town
7645,Hanwell Town
7646,Harlow Town
7647,Haywards Heath Town
7648,Hertford Town
7649,Hullbridge Sports
7650,Kidlington
7651,Kidsgrove Athletic
7652,Lincoln United
7653,Loughborough Dynamo
7654,Maldon & Tiptree
7655,Mangotsfield United
7656,Marine
7657,Marlow
7658,Marske United
7659,Moneyfields
7660,Mossley
7661,North Leigh
7662,Ossett United
7663,Prescot Cables
7664,Ramsbottom United
7665,Ramsgate
7666,Runcorn Linnets
7667,Sheffield
7668,Sholing
7669,Slimbridge
7670,Soham Town Rangers
7671,Spalding United
7672,St Neots Town
7674,Tadcaster Albion
7675,Thame United
7676,Three Bridges
7677,Trafford
7678,Ware
7679,Welwyn Garden City
7680,Whitstable Town
7681,Widnes
7682,Winchester City
7683,Wisbech Town
7690,AFC Hornchurch
7691,AFC Rushden & Diamonds
7692,Alvechurch
7693,Ashton United
7694,Atherton Collieries
7695,Bamber Bridge
7696,Banbury United
7697,Barwell
7698,Basford United
7699,Beaconsfield Town
7700,Biggleswade Town
7701,Bishop's Stortford
7702,Blackfield & Langley
7703,Bognor Regis Town
7704,Brightlingsea Regent
7705,Bromsgrove Sporting
7706,Buxton
7707,Carshalton Athletic
7708,Cheshunt
7709,Coalville Town
7710,Corinthian-Casuals
7711,Cray Wanderers
7712,Dorchester Town
7713,East Thurrock United
7714,Enfield Town
7715,Farnborough
7716,Folkestone Invicta
7717,Gosport Borough
7718,Grantham Town
7719,Hartley Wintney
7720,Hayes & Yeading United
7721,Hednesford Town
7722,Hendon
7723,Horsham
7724,Kings Langley
7725,Kingstonian
7726,Lancaster City
7727,Leiston
7728,Lewes
7729,Lowestoft Town
7730,Margate
7731,Matlock Town
7732,Merthyr Town
7733,Mickleover Sports
7734,Morpeth Town
7735,Needham Market
7737,Peterborough Sports
7738,Poole Town
7739,Potters Bar Town
7740,Radcliffe
7741,Redditch United
7742,Royston Town
7743,Rushall Olympic
7744,Salisbury
7745,Scarborough Athletic
7746,South Shields
7747,St Ives Town
7748,Stafford Rangers
7749,Stalybridge Celtic
7750,Stratford Town
7751,Swindon Supermarine
7752,Tamworth
7753,Tiverton Town
7754,United of Manchester
7756,Warrington Town
7757,Whitby Town
7758,Wimborne Town
7759,Wingate & Finchley
7760,Witton Albion
7761,Worthing
7762,Yate Town
7764,Bowers & Pitsea
8146,Boston United
8147,Chippenham Town
8149,Dulwich Hamlet
8650,Blyth Spartans
8651,Bradford (Park Avenue)
8653,Gloucester City
8654,Kettering Town
8655,King's Lynn Town
8656,Leamington
8657,Bath City
8658,Concord Rangers
8660,Hemel Hempstead Town
8661,Hungerford Town
8662,Tonbridge Angels
8664,Welling United
8665,Weymouth
8666,1874 Northwich
8667,AFC Croydon Athletic
8669,AFC Liverpool
8670,AFC Mansfield
8671,AFC Portchester
8672,AFC Stoneham
8673,AFC Wulfrunians
8674,Abbey Hey
8675,Abbey Rangers
8677,Albion Sports
8678,Alresford Town
8680,Andover New Street
8681,Anstey Nomads
8682,Ardley United
8683,Arlesey Town
8685,Ascot United
8686,Ashington AFC
8687,Ashton Athletic
8689,Atherstone Town
8690,Avro
8691,Aylesbury Vale Dynamos
8692,Badshot Lea
8693,Baffins Milton Rovers
8694,Baldock Town
8695,Balham
8696,Banstead Athletic
8698,Barnoldswick Town
8699,Barton Town Old Boys
8700,Bashley
8701,Bearsted
8702,Beckenham Town
8703,Bemerton Heath Harleq.
8704,Bexhill United
8705,Biggleswade United
8707,Binfield
8708,Bishop Auckland
8709,Bishop's Cleeve
8710,Bitton
8711,Boldmere St. Michaels
8712,Bootle
8713,Bottesford Town
8714,Bournemouth FC
8716,Bradford Town
8717,Brantham Athletic
8718,Bridgwater Town
8719,Bridlington Town
8722,Brimscombe & Thrupp
8724,Broadbridge Heath
8725,Broadfields United
8726,Brockenhurst
8727,Buckland Athletic
8728,Bugbrooke St Michaels
8729,Burnham
8730,Burscough
8732,Cadbury Heath
8733,Camberley Town
8735,Canterbury City
8736,Charnock Richard
8737,Chatham Town
8740,Chipping Sodbury Town
8741,Christchurch
8742,Clacton
8744,Clapton
8745,Clevedon Town
8746,Cobham
8747,Cockfosters
8749,Colliers Wood United
8750,Colney Heath
8751,Congleton Town
8752,Consett
8753,Corinthian
8754,Coventry Sphinx
8755,Coventry United
8756,Cowes Sports
8757,Crawley Down Gatwick
8758,Crawley Green
8759,Cribbs
8760,Crowborough Athletic
8762,Deal Town
8763,Deeping Rangers
8764,Desborough Town
8766,Dunstable Town
8767,Easington Sports
8769,Eastbourne Town
8770,Eastbourne United
8771,Eccleshill United
8772,Edgware Town
8773,Egham Town
8774,Ely City
8775,Enfield 1893
8776,Erith & Belvedere
8777,Erith Town
8778,Exmouth
8779,Eynesbury Rovers
8780,Fairford Town
8781,Fakenham Town
8782,Fareham Town
8784,Fisher
8785,Flackwell Heath
8786,Fleet Town
8788,Frimley Green
8789,Garforth Town
8790,Glebe
8791,Godmanchester Rovers
8792,Goole
8793,Gorleston
8796,Gresley
8797,Grimsby Borough
8798,Guildford City
8799,Guisborough Town
8801,Hadleigh United
8802,Hadley
8804,Hallam
8806,Halstead Town
8807,Hamble Club
8808,Hamworthy United
8809,Handsworth Parramore
8810,Hanley Town
8811,Hanworth Villa
8812,Harborough Town
8813,Harefield United
8814,Harpenden Town
8817,Hassocks
8819,Haverhill Rovers
8820,Heanor Town
8821,Heather St Johns
8822,Hebburn Town
8826,Hoddesdon Town
8828,Hollands & Blair
8830,Horley Town
8831,Horndean
8832,Horsham YMCA
8833,Hythe & Dibden
8834,Ilford
8835,Irlam
8836,K Sports
8837,Keynsham Town
8839,Kirkley & Pakefield
8840,Knaphill
8841,Knaresborough Town
8842,Lancing
8844,Leicester Nirvana
8845,Leicester Road
8846,Leighton Town
8847,Leverstock Green
8849,Lichfield City
8850,Lingfield
8851,Litherland Remyca
8852,Little Common
8853,Liversedge
8854,London Colney
8856,Long Eaton United
8857,Long Melford
8858,Longlevens
8859,Longridge Town
8860,Lordswood
8861,Loughborough University
8862,Lower Breck
8863,Loxwood
8864,Lutterworth Town
8865,Lydney Town
8866,Lye Town
8867,Lymington Town
8869,Maltby Main
8870,Malvern Town
8871,March Town United
8872,Melton Town
8873,Mildenhall Town
8875,Mulbarton Wanderers
8876,Newcastle Benfield
8877,Newhaven
8878,Newmarket Town
8879,Newport Pagnell Town
8880,Newton Aycliffe
8881,North Greenford United
8882,North Shields
8883,Northallerton Town
8885,Northwich Victoria
8887,Norwich United
8891,Oxhey Jets
8892,Padiham
8893,Pagham
8894,Peacehaven & Telscombe
8895,Penistone Church
8896,Penrith AFC
8898,Pinchbeck United
8899,Plymouth Parkway
8900,Portland United
8901,Potton United
8902,Punjab United
8903,Quorn
8904,Racing Club Warwick
8905,Radford
8906,Raynes Park Vale
8907,Reading City
8908,Redbridge
8909,Redhill
8910,Roman Glass St George
8912,Romulus
8913,Rothwell Corinthians
8914,Royal Wootton
8915,Rugby Town
8917,Rusthall
8918,Rylands
8919,Saffron Walden Town
8920,Saltash United
8921,Saltdean United
8922,Sawbridgeworth Town
8923,Seaham Red Star
8925,Selston
8926,Shaftesbury Town
8927,Sheerwater
8928,Sheppey United
8929,Shepshed Dynamo
8930,Shepton Mallet
8931,Sherwood Colliery
8932,Shildon AFC
8935,Shrivenham
8936,Silsden
8937,Skelmersdale United
8938,Sleaford Town
8941,Southall
8942,Southend Manor
8943,Spelthorne Sports
8945,Sporting Khalsa
8946,Squires Gate
8949,Stansted
8950,Stanway Rovers
8952,Steyning Town
8953,Stockton Town
8954,Stone Old Alleynians
8955,Stotfold
8956,Stourport Swifts
8957,Stowmarket Town
8958,Street
8959,Sunderland RCA
8961,Sutton Athletic
8962,Sutton Common Rovers
8964,Tadley Calleva
8965,Takeley
8966,Tavistock
8967,Thackley
8969,Thetford Town
8970,Thornaby
8971,Thornbury Town
8972,Tividale
8975,Tring Athletic
8976,Tuffley Rovers
8977,Tunbridge Wells
8978,Uckfield Town
8979,United Services
8980,Varndeanians
8981,Vauxhall Motors
8982,Virginia Water
8983,Walsall Wood
8984,Walsham Le Willows
8985,Walthamstow
8986,Walton & Hersham
8988,Welling Town
8989,Wellingborough Town
8990,Wellington AFC
8991,Wembley
8992,West Auckland Town
8993,West Didsbury & Chorlton
8994,West Essex
8995,Westbury United
8996,Whickham
8997,Whitchurch Alport
8998,White Ensign
8999,Whitley Bay
9000,Whitton United
9002,Windsor
9003,Winsford United
9005,Winterton Rangers
9006,Wolverhampton Casuals
9009,Woodford Town
9010,Worcester City
9011,Wroxham
9012,Yorkshire Amateur
10157,Darlington 1883
10158,Farsley Celtic FC
10159,Nuneaton Town
11936,AFC Emley
11942,Ashton & Backwell United
11965,Cogenhoe United
11968,Crook Town AFC
11977,Folland Sports
11986,Heaton Stannington
11989,Hinckley AFC
11991,Holmesdale
11993,Holyport
11996,Ipswich Wanderers
11998,Littlehampton Town
12000,Long Buckby
12006,New Mills
12008,Newport Isle of Wight FC
12021,Risborough Rangers
12026,Sherborne Town
12040,Welton Rovers
12041,West Allotment Celtic
12044,Wincanton Town
12049,Alton Town
12052,Bewdley Town
12057,Corsham Town
12065,Ilfracombe Town
12078,Studley
12080,Torpoint Athletic
12104,London Lions
12116,Tow Law Town
12149,Shifnal Town FC
14405,Alfold
14411,Hashtag United
14412,Helston Athletic
14413,Kennington
14414,Little Oakley
14416,Millbrook
14417,New Salamis
14418,Newark Flowserve
14424,Stansfeld
14429,Highgate United
16983,Athletic Newham
16984,Brixham
16986,Hereford Lads Club
16989,Lakenheath
16990,Milton Keynes Irish
16991,Mousehole
16992,North Ferriby
16993,Prestwich Heys
16994,Redcar Athletic
16995,Skegness Town
16996,St. Panteleimon
16998,Wythenshawe Town
17021,Bury AFC
17044,Golcar United
19265,Roffey
19548,Belper United
19549,Buckhurst Hill
19550,Carlisle City
19551,Darlaston Town
19552,Falmouth Town
19553,Hereford Pegasus
19554,Hilltop
19555,Kimberley Miners Welfare
19556,Laverstock & Ford
19557,Midhurst & Easebourne
19558,Shefford Town & Campton
19559,Warminster Town
19560,Worcester Raiders
19834,Liskeard Athletic
19835,Sheringham
25122,Wokingham Town
20787,St. Louis City
1171,JJK
9187,KäPa
9189,SalPa
2620,Vaughan Azzurri
4085,TSS Rovers
20881,Vancouver FC
20886,FC Laval
1012,FC Thun
1014,Lausanne
6653,Yverdon Sport
653,Cork City
14510,Nacka Iliria
20835,Farsta
12618,Tord
12657,Laholm
12658,Nässjö
267,Fylkir
2113,HK Kopavogur
118,Bahia
130,Gremio
133,Vasco DA Gama
135,Cruzeiro
2150,hodd
7012,Moss
3999,Loudoun United
4036,Brazos Valley
4061,Lionsbridge
4063,Manhattan
4093,Ventura County Fusion
9014,Bavarian
9019,El Farolito
9082,Jacksonville Armada II
10064,Crossfire Redmond
17375,Chicago House
18903,Nona
18905,One Knoxville
18908,Project 51O
20808,Lexington
20961,Appalachian
20962,Beaman United
20963,Capo
20964,Club De Lyon II
20965,Inter San Francisco
20966,UDA Soccer
21003,Club De Lyon
21004,Gold Star
21005,Savannah Clovers
395,Vejle
2072,Hvidovre
6765,East Kilbride
1324,VfL Osnabrück
1660,SV Elversberg
880,Reggiana
884,Feralpisalo
1687,Catanzaro
6379,Lecco
711,Alcorcon
9380,Amorebieta
9409,Racing Ferrol
9692,Eldense
1300,Concarneau
1304,Dunkerque
193,PEC Zwolle
198,ADO Den Haag
199,De Graafschap
206,Heracles
409,Dordrecht
414,Roda
259,Lommel United
6224,RWDM
215,Moreirense
231,Farense
21595,AVS
1007,Rizespor
3601,Pendikspor
3603,Samsunspor
2099,Panserraikos
5050,Kifisia
21435,Ariana
6665,Franke
16597,Arlanda
20838,Viggbyholms IK
19000,Simrishamn
20839,IFK Trelleborg
20840,VMA
12622,FBK Karlstad
16605,IFK Skövde
20837,Säffle SK
21309,Zenith
12589,Notvikens IK
16603,Frösö
16002,Bollstanäs W
16036,Uddevalla W
17639,Trelleborg W
20820,Häcken II W
8723,Brislington
8734,Campion
8783,Farnham Town
8889,Oadby Town
8933,Shoreham
8944,Sporting Bengal United
9008,Woodbridge Town
11960,Chadderton
11974,Epsom & Ewell FC
12015,Petersfield Town
12061,Dudley Town
12091,Cheadle Town
12101,Hucknall Town
12106,Oldland Abbotonians
12110,Sandhurst Town
12112,St Blazey
12118,Wells City
12126,Birtley Town
12147,Rossington Main
14428,Wythenshawe Amateurs
16985,Eastwood Community
16987,Jersey Bulls
16997,Uttoxeter Town
21700,Ashby Ivanhoe
21701,Aylestone Park
21702,Boro Rangers
21703,Downham Town
21704,Frenford
21705,Harleston Town
21706,Hartpury University
21707,Heacham
21708,Lydd Town
21709,Nailsea & Tickenham
21710,Okehampton Argyle
21711,Pilkington
21712,Real Bedford
21713,Rugby Borough
21714,Snodland Town
21715,Stockport Town
21716,Wallingford & Crowmarsh
21717,Wendron United
1167,Rops
2074,FC jazz
2085,Klubi-04
9182,EPS
9195,OLS
9199,VIFK
9201,Vaajakoski
9203,PKKU
10667,Atlantis
18758,KuPS Akatemia
19110,Simcoe County Rovers
23151,Saint-Laurent
2177,FC Aarau
3847,Bray Wanderers
3851,Galway United
22936,Ljungsbro
21359,Jonsered
22933,Öckerö
22934,Bergdalens
4165,Vestri
136,Vitoria
140,Criciuma
2145,Levanger
6976,Egersund
7006,Lyn
3997,Ventura County
4004,New York RB II
4011,Portland Timbers II
4076,SC United Bantams
4102,Colorado Rapids II
9018,Duluth
9041,Christos
10074,Vereinigung Erzgebirge
10094,Asheville City
18814,Minnesota United II
18815,New York City II
18882,Ballard
18888,Chicago City
18897,Hudson Valley Hammers
18912,Vermont Green
21138,Austin II
21139,Crown Legacy
21287,Redlands
22785,Spokane Velocity
22855,Rhode Island
23063,Carolina Core
23215,America CFL Spurs
23216,Apotheos
23217,Arizona Monsoon
23218,Folsom
23219,Foro
23220,Frenzi
23221,Georgia Lions
23222,Irvine Zeta
23223,Irvine Zeta II
23224,Lubbock Matadors
23225,MesoAmerica
23226,SC United Heat
23227,Steel City
396,Sonderjyske
1313,Preußen Münster
1639,FC Saarbrücken
1652,SSV Ulm 1846
509,Cesena
863,Juve Stabia
1581,Carrarese
1693,Mantova
544,Deportivo La Coruna
713,Cordoba
5254,Castellón
104,RED Star FC 93
1299,Boulogne
3200,Martigues
421,Den Bosch
427,Telstar
263,Beerschot VA
6215,Dender
6222,Patro Eisden
225,Nacional
994,Göztepe
3583,Bodrum FK
3588,Eyüpspor
2095,Kallithea
12578,Enköping
22932,Falu BS
12615,Karlshamn
12653,Högaborg
14112,Lödde
22935,Kongahälla
12592,Täfteå
18999,Lucksta
16028,Örebro SK W
19018,Sunnanå W
21698,Malmö FF W
1344,Bury
8794,Great Yarmouth Town
8868,Malmesbury Victoria
8884,Northampton ON Chenecks
8947,St Austell
9004,Winslow United
11956,Brocton
11983,Harrowby United
12004,Milton United
12013,Parkgate
12027,Shirebrook Town
12028,Sileby Rangers
12060,Downton
12082,Wellington
14406,Benfleet
14450,OJM Black Country
17078,Rayners Lane
24331,Amersham Town
24332,Berks County
24333,Beverley Town
24334,Blyth Town
24335,Bourne Town
24336,British Airways
24337,Cornard United
24338,Easington Colliery
24339,Hamworthy Recreation
24340,Ivybridge Town
24341,Larkfield & New Hythe
24342,Millbrook FC
24343,Newark Town
24344,Newcastle Blue Star
24345,Pershore Town
24346,Portishead Town
24347,South Liverpool
24348,Sporting Club Inkberrow
24349,St Helens
24350,Wick
24351,Wormley Rovers
24354,AFC Whyteleafe
24355,Boston Town
25484,San Diego
9190,Tampere United
18518,Inter Turku II
19108,Scrosoppi
25728,Edmonton Scottish
25570,Eker Örebro
25571,Syrianska Eskilstuna
26890,Fittja
14543,Åstorp
25575,Böljan
25576,Hestrafor
26090,Hjulsbro
3514,Afturelding
123,Sport Recife
7848,Mirassol
6970,Brattvåg
4012,Real Monarchs
4019,Sporting KC II
4020,Tacoma Defiance
4043,Corpus Christi
4062,Long Island Rough Riders
9029,Little Rock Rangers
9045,FC Arizona
9104,NY Pancyprian Freedoms
10070,Naples United
10280,Inter Miami II
18811,Columbus Crew II
18812,FC Cincinnati II
18895,Flatirons Rush
21141,Los Angeles FC II
21289,Sarasota Paradise
24016,Virginia Dream
24025,New York Shockers
25485,Naples
25486,Portland Hearts of Pine
25487,Texoma
25488,Westchester SC
25688,Faialense
25689,Harbor City
25690,Laguna United
25691,NY Renegades
25692,New Jersey Alliance
25693,Soda City
25694,Southern Indiana
25838,Alta
26821,Harpos
26822,Washington AC
2061,FC Fredericia
6744,Linlithgow Rose
6760,Brora Rangers
183,Dynamo Dresden
1621,Rot-Weiß Essen
525,Pescara
527,Virtus Entella
528,Avellino
870,Padova
725,Cultural Leonesa
9585,Real Sociedad II
10139,AD Ceuta FC
102,Nancy
1298,Le Mans
3221,Rouen
5902,RAAL La Louvière
6220,Liège
218,Tondela
4724,Alverca
4799,Torreense
997,Gençlerbirliği S.K.
7411,Kocaelispor
953,Larisa
23659,Sunnersta
25574,Bollstanäs
26892,Akersberga
12660,Sölvesborg
25572,Linero
25573,Växjö Norra
26891,Staffanstorp United
23655,Haga
23660,Tidaholms GoIF
25569,Skara
12587,IFK Umeå
24030,Kubikenborg
25577,Boden City
21693,Elfsborg W
7230,Guernsey
7262,Whyteleafe
8676,Abingdon United
8800,Hackney Wick
8805,Hallen
8816,Harwich & Parkeston
8974,Tower Hamlets
12007,New Milton Town
12059,Croydon Athletic
12088,Blackstones
12095,East Cowes Victoria
12123,Atherton Laburnum Rovers
17072,Newmarket
21513,Droitwich Spa
21515,Euxton Villa
26209,Abbey Hulton
26210,Clay Cross
26211,Coton Green
26212,Eversley & Cal
26213,Faversham SF
26215,Forest Row
26216,Horbury Town
26217,Horden CW
26218,Moulton
26219,Newquay
26220,Seaford Town
26221,Sidmouth Town
26222,Welwyn
26223,Wombwell Town
26226,Windsor & Eton
2,France
6,Brazil
7,Uruguay
9,Spain
10,England
12,Japan
14,Serbia
15,Switzerland
16,Mexico
17,South Korea
19,Nigeria
20,Australia
21,Denmark
25,Germany
26,Argentina
27,Portugal
768,Italy
773,Slovakia
1091,Slovenia
1117,Greece
1118,Netherlands
1501,Ivory Coast
1504,Ghana
1530,Cameroon
1531,South Africa
1532,Algeria
1561,North Korea
2380,Paraguay
2383,Chile
2384,USA
4672,Honduras
4673,New Zealand
1,Belgium
3,Croatia
4,Russia
8,Colombia
22,Iran
29,Costa Rica
1113,Bosnia & Herzegovina
2382,Ecuador
5,Sweden
11,Panama
13,Senegal
18,Iceland
23,Saudi Arabia
24,Poland
28,Tunisia
30,Peru
31,Morocco
32,Egypt
767,Wales
1569,Qatar
5529,Canada
770,Czechia
775,Austria
777,Türkiye
1090,Norway
1108,Scotland
1508,Congo DR
1533,Cape Verde Islands
1548,Jordan
1567,Iraq
1568,Uzbekistan
2386,Haiti
5530,Curaçao
774,Romania
772,Ukraine
776,Rep. Of Ireland
769,Hungary
771,Northern Ireland
778,Albania
1092,Latvia
1093,Gibraltar
1094,Armenia
1095,Kazakhstan
1096,Azerbaijan
1097,Lithuania
1098,Faroe Islands
1099,Finland
1100,Belarus
1101,Estonia
1102,Luxembourg
1103,Bulgaria
1104,Georgia
1105,FYR Macedonia
1106,Cyprus
1107,Liechtenstein
1109,Montenegro
1110,Andorra
1111,Kosovo
1112,Malta
1114,Moldova
1115,San Marino
1116,Israel
